y,h,m,p,h,t,v
d,p,b,t,i,e,e
q,g,w,c,c,k,l
r,o,z,o,y,t,v
d,p,b,t,i,e,e
q,g,w,c,c,k,l
r,i,a,e,b,v,t
w,o,k,p,x,l,v
j,t,p,l,n,u,i
x,c,z,t,v,v,w
y,h,m,d,n,v,t
g,y,a,e,y,g,h
j,s,k,c,c,g,x
n,o,v,z,z,k,l
j,e,v,n,l,p,t
y,i,w,y,i,i,h
j,c,z,j,j,k,m
t,n,x,c,i,t,i
x,s,q,q,n,y,i
w,e,q,d,h,f,r
j,e,l,e,i,u,m
x,t,q,y,a,l,m
x,h,m,y,w,i,c
u,t,q,z,h,w,v
t,m,l,p,w,i,c
u,t,q,z,h,n,i
h,a,t,w,n,y,i
r,c,w,w,f,v,g
y,i,d,p,f,p,g
n,p,p,p,l,j,s
w,c,z,j,j,k,s
x,y,a,e,y,d,w
u,r,q,g,u,k,i
p,e,g,l,f,j,s
h,a,t,w,y,u,w
d,m,u,p,n,i,m
h,c,z,j,j,k,s
x,y,a,e,y,d,w
z,s,m,e,b,v,w
f,m,m,d,y,t,v
j,t,s,p,s,w,s
w,e,v,n,l,p,t
y,i,w,y,u,e,h
i,e,k,c,s,g,x
n,o,v,l,f,k,l
t,u,o,s,n,y,i
j,n,k,c,s,g,x
n,o,v,l,h,u,h
j,c,z,j,j,k,m
t,n,s,p,s,j,h
t,n,w,e,h,v,i
i,t,w,m,y,z,h
j,n,b,t,w,r,p
y,h,m,v,h,f,a
q,e,l,r,y,f,j
t,n,m,z,z,k,l
j,m,a,f,z,w,m
h,e,a,e,i,f,f
y,a,q,y,n,y,i
t,t,p,p,l,g,y
g,l,q,n,e,v,c
f,l,a,z,w,r,p
q,e,l,l,m,p,q
r,e,b,c,c,t,g
w,y,x,e,i,j,c
x,t,m,x,m,l,w
j,a,l,t,z,w,i
w,e,v,e,e,v,c
k,o,z,p,h,t,v
d,p,b,t,i,e,e
s,d,l,p,w,i,c
u,t,q,z,h,k,l
j,k,v,z,q,c,i
i,g,m,z,z,f,r
j,k,m,j,b,f,a
j,v,m,c,x,f,i
x,n,w,e,u,c,p
t,w,b,s,y,f,x
m,e,z,e,i,s,i
i,e,b,p,l,d,m
s,e,l,l,i,e,i
b,a,g,q,o,e,g
y,i,w,y,c,j,e
k,u,v,n,n,z,s
s,f,w,c,q,y,m
h,h,q,e,c,j,i
f,s,g,e,i,t,s
r,p,c,e,y,z,x
x,v,i,w,o,v,j
w,o,u,t,n,j,e
w,g,c,x,y,e,x
x,b,c,e,c,k,m
x,d,q,q,z,z,g
z,l,b,e,i,i,i
a,e,z,d,y,z,x
y,h,i,e,c,j,x
t,f,q,y,x,z,x
x,a,z,r,o,d,i
s,t,a,v,h,f,a
n,n,o,t,n,j,z
f,l,c,p,w,i,c
u,t,i,y,u,c,c
x,i,a,t,m,k,l
j,s,b,f,x,p,s
k,m,i,e,b,v,q
f,t,q,n,u,c,x
j,c,p,y,c,h,y
j,s,n,z,l,r,x
y,e,u,a,n,z,r
l,t,w,o,y,w,i
f,t,q,y,z,f,v
r,a,b,t,i,e,w
j,c,c,c,c,k,c
x,e,z,g,c,t,i
x,a,k,c,s,g,x
t,s,g,d,n,v,q
t,r,i,n,l,p,t
y,o,o,c,u,g,l
n,c,a,j,m,k,i
r,i,a,l,a,v,r
j,r,i,w,n,v,v
r,r,m,q,y,i,v
n,n,o,e,i,r,w
j,t,w,q,w,i,c
u,t,w,r,l,r,t
m,i,k,a,l,z,q
n,t,q,g,y,j,y
x,e,l,e,i,g,v
t,v,q,o,y,z,r
k,o,z,x,u,k,m
t,n,a,p,w,l,v
n,t,g,d,y,i,z
n,c,m,d,g,f,w
y,o,n,e,y,e,x
m,i,a,e,y,i,q
n,s,c,d,y,u,m
s,c,w,y,d,l,r
h,t,q,z,h,n,m
y,h,x,c,c,d,m
y,i,d,p,m,g,v
t,v,q,o,c,e,k
h,o,v,q,c,u,i
s,t,q,l,f,z,x
d,t,p,l,n,z,w
j,n,k,c,s,g,x
n,o,v,l,h,v,r
h,r,g,a,n,z,s
s,s,g,d,n,v,q
n,s,a,l,c,u,x
t,b,m,m,l,v,e
p,a,j,w,y,z,j
f,t,p,t,l,u,t
f,r,b,j,q,z,x
m,o,c,e,j,i,m
t,r,s,y,i,n,p
j,d,o,p,i,w,x
m,e,s,p,s,t,e
s,s,g,d,n,v,q
f,t,q,n,u,c,p
d,r,m,n,i,m,i
w,p,t,l,c,e,x
j,x,b,q,l,f,q
h,o,z,c,y,j,t
t,n,l,t,h,x,g
n,p,p,p,l,k,i
c,t,e,t,n,y,m
s,s,w,x,y,r,t
u,r,w,a,l,z,e
y,e,b,t,g,v,j
w,a,u,p,n,y,i
t,b,r,p,w,k,m
a,e,w,q,n,y,i
k,o,t,w,i,n,m
s,g,i,e,n,r,g
p,s,q,d,n,f,w
d,s,b,p,g,r,x
n,c,i,w,f,p,v
j,c,w,g,y,i,t
q,a,q,y,n,v,b
y,f,z,z,g,t,m
u,h,m,c,n,v,b
y,o,z,p,p,v,r
r,o,z,p,x,i,e
x,t,q,n,u,c,p
d,t,w,o,y,u,y
h,e,b,s,y,u,i
h,r,g,a,n,z,s
s,k,m,j,u,t,m
u,h,m,c,n,v,b
y,o,v,w,s,r,x
y,a,k,v,c,j,s
s,e,e,s,y,k,l
j,r,b,s,y,r,h
a,e,z,d,u,i,c
t,r,k,c,s,g,x
f,n,i,w,s,j,x
y,r,q,p,m,k,s
i,e,l,f,w,v,x
m,e,l,p,w,i,c
u,t,q,z,h,b,i
d,o,z,a,f,r,m
s,t,m,i,n,s,c
t,b,a,p,l,m,m
s,g,k,t,j,y,i
w,t,m,i,n,f,r
q,y,i,y,s,v,r
h,r,g,a,n,z,s
s,s,k,s,y,d,i
a,u,t,y,y,i,e
g,l,m,e,i,k,l
n,s,b,j,j,v,s
k,a,b,e,u,t,o
n,s,k,z,h,j,m
i,e,z,p,x,k,s
g,e,k,z,g,g,p
j,t,m,w,s,z,r
x,e,k,f,l,v,e
p,n,w,h,h,g,p
f,i,v,e,y,o,x
f,t,b,l,w,b,m
x,o,v,p,q,y,i
w,e,b,s,y,r,h
a,e,z,d,u,i,c
m,a,a,l,k,l,e
s,t,q,e,s,f,j
u,l,i,t,h,k,i
c,t,i,y,x,t,s
w,r,m,d,j,f,r
i,i,v,r,w,z,t
m,e,z,e,y,o,x
f,c,p,z,m,v,r
u,l,i,t,h,k,i
c,t,i,e,n,r,g
p,i,a,z,h,v,a
m,e,z,p,n,y,i
f,d,d,p,l,j,e
w,y,k,s,i,f,w
j,s,x,w,u,z,r
y,e,f,e,u,e,h
n,s,b,s,y,e,k
n,v,m,y,w,f,v
w,e,a,a,i,e,h
n,n,o,n,c,g,l
j,r,b,p,r,k,w
z,b,a,p,k,l,i
s,t,t,j,n,y,i
f,d,d,p,l,j,e
w,y,c,d,y,j,x
m,e,q,y,z,f,v
r,a,b,t,i,e,h
j,d,c,n,y,u,m
s,o,z,o,y,i,x
t,r,m,n,i,m,i
w,p,t,l,c,e,x
j,x,b,n,i,i,v
j,s,x,z,h,u,m
s,g,b,z,j,i,i
a,i,w,f,m,c,c
z,n,a,p,y,e,g
n,p,p,p,l,k,i
c,t,w,c,n,f,j
n,n,l,e,b,v,o
j,y,i,a,j,c,m
j,d,i,n,b,f,w
j,n,k,t,j,y,i
w,t,m,i,n,r,x
y,a,k,v,c,j,s
s,e,e,s,y,i,i
y,h,m,l,x,m,i
w,s,i,c,s,j,i
q,e,k,e,m,k,l
j,c,q,a,b,v,v
y,e,f,e,u,e,h
n,s,b,s,y,e,k
n,v,m,y,n,y,i
h,o,z,c,y,j,t
t,n,l,t,h,x,t
q,a,q,y,n,v,b
y,t,p,p,i,s,n
j,c,b,t,p,v,m
x,t,p,p,h,k,s
g,e,i,m,f,v,x
t,d,m,o,o,t,i
y,h,m,a,f,r,m
s,t,m,i,n,w,v
t,m,l,t,z,w,i
w,e,v,e,w,z,t
m,e,z,e,y,o,x
